{
    "frame_num": 50,
    "shutter_open":  {
        "camera": {
            "x": 2.0285298824310303,
            "y": 0.5968189835548401,
            "z": 3.832710027694702
        },
        "lookat": {
            "x": 2.452440023422241,
            "y": 2.1748199462890625,
            "z": 3.931149959564209
        },
        "timestamp": 2.0
    },
    "shutter_close": {
        "camera": {
            "x": 2.028130054473877,
            "y": 0.5969399809837341,
            "z": 3.831540107727051
        },
        "lookat": {
            "x": 2.4561100006103516,
            "y": 2.177720069885254,
            "z": 3.934720039367676
        },
        "timestamp": 2.016669988632202
    }
}